tank_id,tank_set,max_temp
P1,port,35
P2,port,36
P3,port,37
P4,port,38
P5,port,34
P6,port,33
P7,port,32
P8,port,30
S1,starboard,38
S2,starboard,37
S3,starboard,36
S4,starboard,35
S5,starboard,34
S6,starboard,33
S7,starboard,32
S8,starboard,30